"Title","Domain","File"
"鐏寒","tech/bsp","src-2022-年了-重新理解一波设备驱动.md"
"3D DRAM Roadmap and Production Timeline","tech/dram","src-3d-dram-roadmap-allpcb.md"
"ARM Server 涓轰粈涔堢敤 ACPI锛烝CPI vs DeviceTree","tech/bsp","src-acpi-vs-devicetree.md"
"AI绯荤粺 10AI鑺墖浠嬬粛2","tech/soc-pm","src-ai系统-10ai芯片介绍2.md"
"AI绯荤粺 11AI鑺墖鍩虹NPU","tech/soc-pm","src-ai系统-11ai芯片基础npu.md"
"AI绯荤粺 12璋锋瓕璺ㄦ椂浠I鑺墖TPU","tech/soc-pm","src-ai系统-12谷歌跨时代ai芯片tpu.md"
"AI绯荤粺 13鐗规柉鎷堿I鑺墖DOJO","tech/soc-pm","src-ai系统-13特斯拉ai芯片dojo.md"
"AI绯荤粺 15鍥藉唴AI鑺墖浠嬬粛","tech/soc-pm","src-ai系统-15国内ai芯片介绍.md"
"AI绯荤粺 16AI SoC鎺ㄧ悊鑺墖鏋舵瀯浠嬬粛","tech/soc-pm","src-ai系统-16ai-soc推理芯片架构介绍.md"
"AI绯荤粺 17NPU鏋舵瀯璁捐浠嬬粛","tech/soc-pm","src-ai系统-17npu架构设计介绍.md"
"AI绯荤粺 18鑷姩椹鹃┒AI SoC鑺墖瓒嬪娍","tech/soc-pm","src-ai系统-18自动驾驶ai-soc芯片趋势.md"
"AI绯荤粺 19鍏疯韩鏅鸿兘鏈哄櫒浜轰粙缁?page_type: source","tech/soc-pm","src-ai系统-19具身智能机器人介绍.md"
"AI绯荤粺 20AI鑺墖ISP瑙嗚绯荤粺浠嬬粛","tech/soc-pm","src-ai系统-20ai芯片isp视觉系统介绍.md"
"AI绯荤粺 21AI鑺墖涔婲oC鎬荤嚎","tech/soc-pm","src-ai系统-21ai芯片之noc总线.md"
"AI绯荤粺 22AI鑺墖瀛樺偍浠嬬粛","tech/soc-pm","src-ai系统-22ai芯片存储介绍.md"
"AI绯荤粺 23AI鑺墖CPU瀛愮郴缁熶粙缁?page_type: source","tech/soc-pm","src-ai系统-23ai芯片cpu子系统介绍.md"
"AI绯荤粺 24鑺墖鏁版嵁涓€鑷存€?page_type: source","tech/soc-pm","src-ai系统-24芯片数据一致性.md"
"AI绯荤粺 25鑺墖浣庨€熷璁?page_type: source","tech/soc-pm","src-ai系统-25芯片低速外设.md"
"AI绯荤粺 26鑺墖楂橀€熷璁綰SBETHPCIE绛?page_type: source","tech/soc-pm","src-ai系统-26芯片高速外设usbethpcie等.md"
"AI绯荤粺 27鑺墖淇℃伅瀹夊叏涔婬SM","tech/soc-pm","src-ai系统-27芯片信息安全之hsm.md"
"AI绯荤粺 29鑺墖鐢垫簮绠＄悊涔婸MU","tech/soc-pm","src-ai系统-29芯片电源管理之pmu.md"
"AI绯荤粺 30浠嶯PU璋冨害鍣ㄥ埌AI鎺ㄧ悊寮曟搸","tech/soc-pm","src-ai系统-30从npu调度器到ai推理引擎.md"
"AI绯荤粺 31缂栬瘧鍣ㄥ熀纭€","tech/soc-pm","src-ai系统-31编译器基础.md"
"AI绯荤粺 32AI缂栬瘧鍣ㄤ粙缁?page_type: source","tech/soc-pm","src-ai系统-32ai编译器介绍.md"
"AI绯荤粺 33AI缂栬瘧鍣ㄦ灦鏋勫彂灞曞強浼樺寲","tech/soc-pm","src-ai系统-33ai编译器架构发展及优化.md"
"AI绯荤粺 34鎺ㄧ悊寮曟搸浠嬬粛","tech/soc-pm","src-ai系统-34推理引擎介绍.md"
"AI绯荤粺 35澶х粨灞€涔婣I妗嗘灦涓庣紪绋嬭寖寮?page_type: source","tech/soc-pm","src-ai系统-35大结局之ai框架与编程范式.md"
"AI绯荤粺 8AI鑺墖浠嬬粛1","tech/soc-pm","src-ai系统-8ai芯片介绍1.md"
"AI绯荤粺 9AI鑺墖鍩虹CPU","tech/soc-pm","src-ai系统-9ai芯片基础cpu.md"
"Apple Vision Pro vs Meta Quest 3 (404 Error)","industry/smart-glasses","src-alibaba-product-insights-apple-vision-pro-vs-met.md"
"3D DRAM Roadmap and Production Timeline","tech/dram","src-allpcb-allelectrohub-3d-dram-roadmap-and-produc.md"
"AnandTech Forums: Technology, Hardware, Software, and Deals","tech/dram","src-anandtech-show-21533-cxl-gathers-momentum-at-fms-2.md"
"The Ultimate Signoff (TapeOut) Checklist","tech/soc-pm","src-anysilicon-the-ultimate-signoff-tapeout-checklist.md"
"CarPlay Ultra, the next generation of CarPlay, begins rolling out today","industry/car-infotainment","src-apple-newsroom-2025-05-carplay-ultra-the-next-.md"
"CarPlay Ultra, the next generation of CarPlay, begins rolling out today - Apple","industry/car-infotainment","src-apple-newsroom-2025-05-carplay-ultra-the-next.md"
"ARM ATF鍏ラ棬 瀹夊叏鍥轰欢杞欢浠嬬粛鍜屼唬鐮佽繍琛?page_type: source","tech/bsp","src-arm-atf入门-安全固件软件介绍和代码运行.md"
"ARM锛欱ase Boot Security Requirements 1.2","tech/bsp","src-arm-base-boot-security-requirements-1-2.md"
"ARM Bootloader 鍒?Kernel 鍚姩鎬婚€昏緫","tech/bsp","src-arm-bootloader-kernel-logic.md"
"ARM Linux 鍚姩杩囩▼ 鈥?浠庤嚜瑙ｅ帇鍒拌櫄鎷熷唴瀛?page_type: source","tech/bsp","src-arm-linux-boot-process.md"
"ARM Linux 鑷В鍘嬭繃绋?page_type: source","tech/bsp","src-arm-linux-self-decompress.md"
"ARM Linux 鍚姩鏃剁殑鑷В鍘嬭繃绋?page_type: source","tech/bsp","src-arm-linux-启动时的自解压过程.md"
"ARM Linux 鐨勫惎鍔ㄨ繃绋嬶紝杩欎竴鍒囩殑寮€濮?page_type: source","tech/bsp","src-arm-linux-的启动过程-这一切的开始.md"
"ARM SCP鍏ラ棬 AP涓嶴CP閫氫俊","tech/bsp","src-arm-scp入门-ap与scp通信.md"
"ARM SCP鍏ラ棬 framework妗嗘灦浠ｇ爜鍒嗘瀽","tech/bsp","src-arm-scp入门-framework框架代码分析.md"
"ARM SCP鍏ラ棬 绠€浠嬪拰浠ｇ爜涓嬭浇缂栬瘧","tech/bsp","src-arm-scp入门-简介和代码下载编译.md"
"ARM 瀹夊叏鍚姩 鈥?ATF/TF-A 鍙婁笌 UEFI 鐨勪簰鍔?page_type: source","tech/bsp","src-arm-secure-boot-atf.md"
"ARM SOC 鍚姩娴佺▼浠嬬粛","tech/bsp","src-arm-soc-bootflow-intro.md"
"arm trusted firmware鍒嗘瀽","tech/bsp","src-arm-trusted-firmware分析.md"
"ARM 鏋舵瀯bootloader鍒発ernel鍚姩鎬婚€昏緫","tech/bsp","src-arm-架构bootloader到kernel启动总逻辑.md"
"ARMv8 鍚姩鎬讳綋娴佺▼","tech/bsp","src-armv8-bootflow-overview.md"
"armv8涓柇璺敱鏈哄埗","tech/bsp","src-armv8中断路由机制.md"
"銆怉RM瀛︿範銆慍ortex  A绯诲垪绋嬪簭鍛樺涔犳寚鍗?page_type: source","tech/bsp","src-arm学习-cortex-a系列程序员学习指南.md"
"ARM鏀掓満鎸囧崡 5G涔卞脊","tech/soc-pm","src-arm攒机指南-5g乱弹.md"
"arm鏀掓満鎸囧崡 AI鎵嬫満锛堜竴锛?page_type: source","tech/soc-pm","src-arm攒机指南-ai手机-一.md"
"arm鏀掓満鎸囧崡 AI鎵嬫満锛堜簩锛?page_type: source","tech/soc-pm","src-arm攒机指南-ai手机-二.md"
"ARM鏀掓満鎸囧崡 AI绡?page_type: source","tech/soc-pm","src-arm攒机指南-ai篇.md"
"ARM鏀掓満鎸囧崡 鍚庣绡?page_type: source","tech/soc-pm","src-arm攒机指南-后端篇.md"
"ARM鏀掓満鎸囧崡 鍩虹绡?page_type: source","tech/soc-pm","src-arm攒机指南-基础篇.md"
"ARM鏀掓満鎸囧崡 濯掍綋绡?page_type: source","tech/soc-pm","src-arm攒机指南-媒体篇.md"
"ARM鏀掓満鎸囧崡 瀹夊叏绡?page_type: source","tech/soc-pm","src-arm攒机指南-安全篇.md"
"ARM鏀掓満鎸囧崡 寮€绡?page_type: source","tech/soc-pm","src-arm攒机指南-开篇.md"
"ARM鏀掓満鎸囧崡 鏋舵瀯绡?page_type: source","tech/soc-pm","src-arm攒机指南-架构篇.md"
"ARM鏀掓満鎸囧崡 姹借溅绡?page_type: source","tech/soc-pm","src-arm攒机指南-汽车篇.md"
"ARM鏀掓満鎸囧崡 缃戠粶绡?page_type: source","tech/soc-pm","src-arm攒机指南-网络篇.md"
"ARM鐨勫畨鍏ㄥ惎鍔ㄢ€擜TFTF A浠ュ強瀹冧笌UEFI鐨勪簰鍔?page_type: source","tech/bsp","src-arm的安全启动-atftf-a以及它与uefi的互动.md"
"""XDMA: A Distributed, Extensible DMA Architecture for Layout-Flexible Data Movements in Heterogeneous Multi-Accelerator SoCs""","tech/peripheral","src-arxiv-html-250808396v1.md"
"Agentic AI-based Coverage Closure for Formal Verification","tech/soc-pm","src-arxiv-html-260303147v1.md"
"arXiv.org e-Print Archive","tech/soc-pm","src-arxiv.md"
"""Top 10 Mini LED driver chip manufacturers in the world""","tech/tv-backlight","src-asianda-top-10-mini-led-driver-chip-manufacturer.md"
"ATE濡備綍娴嬭瘯SoC鐨勫姛鑰楁寚鏍?page_type: source","tech/soc-pm","src-ate如何测试soc的功耗指标.md"
"ATF bl31涓柇鍒嗘瀽","tech/bsp","src-atf-bl31中断分析.md"
"鎴栬€咃紝灏嗙紪璇戣緭鍑洪噸瀹氬悜鍒發og涓紝鏂逛究缂栬瘧鍑洪棶棰樹簡瀹氫綅","tech/bsp","src-atf入门-1qmeu搭建arm全套源码学习环境.md"
"define INFO(...)    tf_log(LOG_MARKER_INFO __VA_ARGS__)","tech/bsp","src-atf入门-2大软件模型和代码编译运行探究.md"
"ATF鍏ラ棬 3BL1鍚姩娴佺▼鍒嗘瀽","tech/bsp","src-atf入门-3bl1启动流程分析.md"
"ifdef BL32_BASE","tech/bsp","src-atf入门-3bl2启动流程分析.md"
"ATF鍏ラ棬 4BL31鍚姩娴佺▼鍒嗘瀽","tech/bsp","src-atf入门-4bl31启动流程分析.md"
"ATF鍚姩锛堜竴锛夛細鏁翠綋鍚姩娴佺▼","tech/bsp","src-atf启动-一-整体启动流程.md"
"Qualcomm and VoxelSensors Partner to Optimize 3D Sensing","industry/smart-glasses","src-auganix-xr-news-qualcomm-voxelsensors-partnershi.md"
"Samsung Galaxy XR Headset (2025): Highlights, Pros, and Cons of this XR","industry/smart-glasses","src-baapofmovies-samsung-galaxy-xr-headset-2025-highli.md"
"Samsung Galaxy XR Headset (2025) - Highlights, Pros, and Cons","industry/smart-glasses","src-baapofmovies-samsung-galaxy-xr-headset-2025-highlight.md"
"姹借溅鏅鸿兘搴ц埍杞欢鏋舵瀯","industry/car-infotainment","src-blog-chinamaoge-article-details-143466179.md"
"Galaxy XR - The first Android XR headset","industry/smart-glasses","src-blog-products-and-platforms-platforms-android.md"
"Cache 澶у皬娴嬭瘯锛圕璇█瀹炵幇锛?page_type: source","tech/bsp","src-cache-size-test.md"
"瀹濋┈涓浗瀹ｅ竷鑱旀墜鍗庝负 鎻愬崌鏅鸿兘搴ц埍浣撻獙","industry/car-infotainment","src-caixin-2025-03-17-102299245html.md"
"Understanding I2C Protocol: Essential for Embedded Systems in 2025","tech/peripheral","src-cavliwireless-blog-not-mini-in-depth-exploration-o.md"
"""Understanding I2C Protocol: Essential for Embedded Systems in 2025""","tech/peripheral","src-cavliwireless-blog-not-mini-in-depth-exploration-of-i2.md"
"""CGVIS SIGGRAPH Asia 2012 Publication""","tech/tv-backlight","src-cgvis-publications-2012-sig-asia-briefpdf.md"
"瀛楃璁惧椹卞姩","tech/bsp","src-character-device-driver.md"
"From I2C to I3C: Evolution of Two-Wire Communication in Embedded Systems - Chip Interfaces | Interface IPs","tech/peripheral","src-chipinterfaces-from-i2c-to-i3c-evolution-of-two-wi.md"
"""From I2C to I3C: Evolution of Two-Wire Communication in Embedded Systems""","tech/peripheral","src-chipinterfaces-from-i2c-to-i3c-evolution-of-two-wire-co.md"
"Chiplet   浠ラ珮鎬ц兘鍜屼綆鎴愭湰涓洪┍鍔ㄥ姏鐨勮姱鐗囪璁℃柟娉?page_type: source","tech/soc-pm","src-chiplet-以高性能和低成本为驱动力的芯片设计方法.md"
"""Chiplet Summit Proceedings - I3C Related Content""","tech/peripheral","src-chipletsummit-proceeding-files-a0q5f0000044zma-2024020.md"
"Untitled","tech/peripheral","src-chipletsummit-proceeding_files-a0q5f0000044zma-202.md"
"Remote Engineering: Best Practices for Global Teams","tech/soc-pm","src-ciglobaltech-blog-remote-engineering-teams-best-pr.md"
"Remote Engineering - Best Practices for Global Teams","tech/soc-pm","src-ciglobaltech-blog-remote-engineering-teams-best-pract.md"
"Automotive DMS/OMS (Driver/Occupant Monitoring System) Research Report, 2024-2025","industry/car-infotainment","src-cn-report-rinc1660089-automotive-dms-oms-dr.md"
"Untitled","tech/dram","src-computeexpresslink-wp-content-uploads-2025-02-cxl_.md"
"""CODICO Impulse Magazine 01/2025""","tech/tv-backlight","src-content-fileadmin-media-download-impulse-codico.md"
"Untitled","tech/tv-backlight","src-content-fileadmin-media-download-impulse-codico_.md"
"corner鐨勫垎绫?page_type: source","tech/soc-pm","src-corner的分类.md"
"Cortex M鍜孋ortex A鐨凾rustZone宸紓","tech/bsp","src-cortex-m和cortex-a的trustzone差异.md"
"CPU 鏄€庝箞璁よ瘑浠ｇ爜鐨勶紵   鑰佺嫾 鐨勫洖绛?page_type: source","tech/soc-pm","src-cpu-是怎么认识代码的-老狼-的回答.md"
"CPU涓殑瀵勫瓨鍣ㄦ槸浠€涔堜互鍙婂畠鐨勫伐浣滃師鐞嗘槸浠€涔堬紵","tech/bsp","src-cpu中的寄存器是什么以及它的工作原理是什么.md"
"CPU鏄浣曞仛浣撴鍜屽垎绾х殑锛熷吋璁篋Fx鐨勯噸瑕佹€?page_type: source","tech/soc-pm","src-cpu是如何做体检和分级的-兼论dfx的重要性.md"
"CPU鏄€庝箞鏀瑰彉棰戠巼鐨勶紵   鑰佺嫾 鐨勫洖绛?page_type: source","tech/soc-pm","src-cpu是怎么改变频率的-老狼-的回答.md"
"CPU杩愯鍔熻€楀拰浠€涔堢浉鍏筹紵娑堣€楃殑鐢佃兘閮藉幓鍝簡锛?page_type: source","tech/soc-pm","src-cpu运行功耗和什么相关-消耗的电能都去哪了.md"
"CryptoCell is What","tech/bsp","src-cryptocell-is-what.md"
"CXL Gathers Momentum at FMS 2024","tech/dram","src-cxl-fms-2024-anandtech.md"
"CXL Memory Module Box (CMM-B)","tech/dram","src-cxl-memory-module-cmm-b.md"
"CXL Q1 2025 Whitepaper","tech/dram","src-cxl-q1-2025-whitepaper.md"
"DesignCon 2023 Track 2 Paper","tech/dram","src-dcon23-track2-paper.md"
"姝ｇ‘浣跨敤 dd 娴嬭瘯纾佺洏閫熷害","tech/bsp","src-dd-disk-benchmark.md"
"DDR鍩虹鐭ヨ瘑鐐规眹鎬?page_type: source","tech/dram","src-ddr-basics-cnblogs.md"
"DDR 鍩虹鐭ヨ瘑鐐规眹鎬?source_kind: raw_markdown","unknown","src-ddr-basics-summary.md"
"DDR Training 璇﹁В","unknown","src-ddr-training-csdn.md"
"DDR 瀛︿範鏃堕棿 (Part A   1)锛氫竴绡?2002 骞寸殑 DDR 鎺у埗鍣ㄨ璁＄澹鏂?page_type: source","tech/dram","src-ddr-学习时间-part-a-1-一篇-2002-年的-ddr-控制器设计硕士论文.md"
"DDR 瀛︿範鏃堕棿 (Part B   1)锛欴RAM 鍒锋柊","tech/dram","src-ddr-学习时间-part-b-1-dram-刷新.md"
"DDR 瀛︿範鏃堕棿 (Part B","tech/dram","src-ddr-学习时间-part-b.md"
"DDR 瀛︿範鏃堕棿 (Part C   3)锛欴FI 鍗忚鍔熻兘   DFI PHY 涓?DFI 鏃堕挓棰戠巼姣?page_type: source","tech/dram","src-ddr-学习时间-part-c-3-dfi-协议功能-dfi-phy-与-dfi-时钟频率比.md"
"DDR 瀛︿範鏃堕棿 (Part Z   1)锛氳姱鐗囪璁′腑鐨?DDR 妯″瀷鏉傝皥","tech/dram","src-ddr-学习时间-part-z-1-芯片设计中的-ddr-模型杂谈.md"
"DDR1.LPDDR4 DQS VT drift鐞嗚В","tech/dram","src-ddr1-lpddr4-dqs-vt-drift理解.md"
"DDR3 vs DDR4 涓轰粈涔堣鍐呭瓨鏄釜寰堝偦鐨勮澶囷紵DDR5鍦ㄥ摢閲岋紵","tech/dram","src-ddr3-vs-ddr4-为什么说内存是个很傻的设备-ddr5在哪里.md"
"DDR4 SDRAM - Initialization, Training and Calibration","tech/dram","src-ddr4-initialization-calibration.md"
"ddr4鐨勫欢杩燂紵   Neroli 鐨勫洖绛?page_type: source","tech/dram","src-ddr4的延迟-neroli-的回答.md"
"DDR5 Signal Integrity Essentials","tech/dram","src-ddr5-signal-integrity-ema.md"
"DDR涓轰粈涔堥渶瑕乸reamble涓巔ostamble锛?page_type: source","tech/dram","src-ddr为什么需要preamble与postamble.md"
"DDR鎶€鏈熀纭€","tech/dram","src-ddr技术基础.md"
"ddr鐨勫唴瀛樺ぇ灏忔€庝箞绠?  LogicJitterGibbs 鐨勫洖绛?page_type: source","tech/dram","src-ddr的内存大小怎么算-logicjittergibbs-的回答.md"
"How To Receive SPI Data With STM32 DMA / Interrupt / Polling Modes","tech/peripheral","src-deepbluembedded-how-to-receive-spi-with-stm32-dma-.md"
"""How To Receive SPI Data With STM32 DMA / Interrupt / Polling Modes""","tech/peripheral","src-deepbluembedded-how-to-receive-spi-with-stm32-dma-interr.md"
"STM32 PWM Output Example Code (PWM Generation Tutorial)","tech/peripheral","src-deepbluembedded-stm32-pwm-example-timer-pwm-mode-t.md"
"""STM32 PWM Output Example Code (PWM Generation Tutorial)""","tech/peripheral","src-deepbluembedded-stm32-pwm-example-timer-pwm-mode-tutoria.md"
"Accelerating Your Development: Simplify SoC I/O with a Single Multi-Protocol SerDes IP","tech/peripheral","src-design-reuse-blog-56212-accelerating-your-developm.md"
"""Accelerating Your Development: Simplify SoC I/O with a Single Multi-Protocol SerDes IP""","tech/peripheral","src-design-reuse-blog-56212-accelerating-your-development.md"
"Transforming Chaos Into Clarity: Keysight Data Management for the AI Era","tech/soc-pm","src-design-reuse-blog-56263-transforming-chaos-into-cl.md"
"Transforming Chaos Into Clarity - Keysight Data Management for the AI Era","tech/soc-pm","src-design-reuse-blog-56263-transforming-chaos-into-clari.md"
"DI3CM-HCI, A High-Performance MIPI I3C Host Controller IP Core for Next-Generation Embedded Designs","tech/peripheral","src-design-reuse-news-202529816-di3cm-hci-a-high-perfo.md"
"""DI3CM-HCI, A High-Performance MIPI I3C Host Controller IP Core for Next-Generation Embedded Designs""","tech/peripheral","src-design-reuse-news-202529816-di3cm-hci-a-high-performa.md"
"devicetree鍜屽惎鍔ㄥ弬鏁拌В鏋愭祦绋?page_type: source","tech/bsp","src-devicetree和启动参数解析流程.md"
"Tizen Update for Samsung TVs: What It Means for Smart TV Applications","industry/tv","src-digineat-news-samsungtizen9update.md"
"Untitled","tech/peripheral","src-digitalmanuscriptpedia-conferences-indexphp-dmp-ln.md"
"""Digital Manuscript Pedia Conference Article""","tech/peripheral","src-digitalmanuscriptpedia-conferences-indexphp-dmp-lnmr-article-d.md"
"""The MiniLED Road to Success""","tech/tv-backlight","src-displaydaily-the-miniled-road-to-success.md"
"TV Market Recovering: Getting Bigger, Brighter, Better &#8211; Display Daily","industry/tv","src-displaydaily-tv-market-recovering-getting-bigger-b.md"
"TV Market Recovering: Getting Bigger, Brighter, Better","industry/tv","src-displaydaily-tv-market-recovering-getting-bigger-brig.md"
"2025 Sony BRAVIA TVs go official - BRAVIA 8 II, BRAVIA 5, BRAVIA 2 II, BRAVIA 3","industry/tv","src-displayspecifications-en-news-3707dd0-7cd991.md"
"""TCL CSOT at SID Display Week 2024 - a 1000 Hz 4K monitor, 85\"" UD w-HVA Pro TV display, and more""","tech/tv-backlight","src-displayspecifications-en-news-b606c11-1b8dc0.md"
"Advancing DLEP Verification and Compliance with Cadence Design Systems","tech/dram","src-dlep-micron-cadence.md"
"DRAM鍐呭瓨涓?byte鐨? bit鏄惁褰兼鐩搁偦锛熸槸鍚﹀浜庡悓涓€琛岀殑鐩搁偦鐨?鍒楋紵   鑰佺嫾 鐨勫洖绛?page_type: source","tech/dram","src-dram内存中1byte的8-bit是否彼此相邻-是否处于同一行的相邻的8列-老狼-的回答.md"
"DVFS鎶€鏈痯re","tech/soc-pm","src-dvfs技术pre.md"
"LG Announces QNED evo 4K TVs for 2025 with Wireless and AI","industry/tv","src-ecoustics-products-lg-qned-evo-tvs-2025.md"
"EFUSE 1","tech/soc-pm","src-efuse-1.md"
"EFUSE 2","tech/soc-pm","src-efuse-2.md"
"eFuse 涓庡畨鍏ㄥ惎鍔?page_type: source","tech/bsp","src-efuse-secure-boot.md"
"Amlogic S928X Android TV Box Guide: How to Choose in 2024","industry/tv","src-electronics-buyingguides-amlogic-s928x-android-tv-.md"
"Amlogic S928X Android TV Box Guide: How to Choose in 2024","industry/tv","src-electronics-buyingguides-amlogic-s928x-android-tv-bo.md"
"DDR5 Signal Integrity Essentials | EMA Design Automation","tech/dram","src-ema-eda-ema-resources-blog-ddr5-signal-integrity.md"
"Automotive Mini LED Display Expansion 鈥?Competition with OLED and Market Outlook","industry/car-infotainment","src-en-expanding-the-application-area-of-mini-l.md"
"Meta Launches 'Ray-Ban Display' with LCoS Smart Glasses","industry/smart-glasses","src-en-meta-rayban-display-lcos-smart-glasses-s.md"
"""Edge Lit vs Direct Lit: Which is Better for Your Display?""","tech/tv-backlight","src-eureka-blog-electronics-edge-lit-vs-direct-lit.md"
"""An Overview of UART Protocols | Ezurio""","tech/peripheral","src-ezurio-resources-blog-an-overview-of-uart-proto.md"
"鏂囦欢绯荤粺涓庢牴鏂囦欢绯荤粺","tech/bsp","src-filesystem-rootfs.md"
"Flash 涓唬鐮佹墽琛?鈥?XIP 涓?RAM 鍔犺浇","tech/bsp","src-flash-xip-vs-ram.md"
"Google unveils Android XR for next-gen extended reality devices","industry/smart-glasses","src-fonearena-blog-442223-unveils-android-xr-next-gen-.md"
"Google unveils Android XR for next-gen extended reality devices","industry/smart-glasses","src-fonearena-blog-442223-unveils-android-xr-next-gen.md"
"FPGA鐨凙SIC鍘熷瀷楠岃瘉鈥斺€旀€讳綋姒傝","tech/soc-pm","src-fpga的asic原型验证-总体概览.md"
"GDDR6 vs DDR4 vs HBM2涓轰粈涔圕PU杩樹笉鐢℅DDR锛熷紓鏋勫唴瀛樼殑鏈潵鍦ㄥ摢閲岋紵","tech/dram","src-gddr6-vs-ddr4-vs-hbm2为什么cpu还不用gddr-异构内存的未来在哪里.md"
"Applying Agile and Lean Practices to Semiconductor Development","tech/soc-pm","src-gladwellacademy-knowledge-blogs-applying-agile-and-lean.md"
"Applying Agile and Lean Practices to Semiconductor Development - Gladwell Academy","tech/soc-pm","src-gladwellacademy-knowledge-blogs-applying-agile-and.md"
"Galaxy XR Reveals Android XR Support And Gemini Chip In 2025 - Why It Matters Now - Glass Almanac","industry/smart-glasses","src-glassalmanac-galaxy-xr-reveals-android-xr-support-.md"
"Galaxy XR Reveals Android XR Support And Gemini Chip In 2025","industry/smart-glasses","src-glassalmanac-galaxy-xr-reveals-android-xr-support-and.md"
"宸ュ叿閾捐缃?page_type: source","tech/bsp","src-google-tee环境trusty分析.md"
"鍥惧舰椹卞姩鍩虹","tech/bsp","src-graphics-driver-basics.md"
"printenv","tech/bsp","src-hack-uboot.md"
"LG's webOS 25 now coming to 2022, 2023 and 2024 OLED TVs","industry/tv","src-hdtvtest-news-lg-s-web-os-25-now-coming-to-2022-2.md"
"MediaTek debuts Pentonic 800 SoC with 165Hz VRR, VVC decoding and more","industry/tv","src-hdtvtest-news-mediatek-debuts-pentonic-800-soc-wi.md"
"""MIPI I3C - Professional, Portable, Quick Start Instrument - Acute""","tech/peripheral","src-i3c-acute-en-popular-551.md"
"From I2C to I3C: Evolution of Two-Wire Communication in Embedded Systems - Chip Interfaces | Interface IPs","tech/peripheral","src-i3c-chipinterfaces-from-i2c-to-i3c-evolution-of-tw.md"
"""From I2C to I3C: Evolution of Two-Wire Communication in Embedded Systems""","tech/peripheral","src-i3c-chipinterfaces-from-i2c-to-i3c-evolution-of-two-wire-co.md"
"Untitled","tech/peripheral","src-i3c-community-pwmxy87654-attachments-pwmxy87654-te.md"
"""I3C Community Technical Document""","tech/peripheral","src-i3c-community-pwmxy87654-attachments-pwmxy87654-tech-d.md"
"""What is I3C: The Next Generation of I2C - DFRobot""","tech/peripheral","src-i3c-dfrobot-blog-17282html.md"
"""I3C鍗忚璇﹁В锛堝惈鍔ㄦ€佸湴鍧€鍒嗛厤瀹炴垬锛?","tech/peripheral","src-i3c-dynamic-address-csdn.md"
"""[PATCH v2 0/3] Add Qualcomm i3c master controller driver support""","tech/peripheral","src-i3c-lists-linux-kernel-2025-03-26-782.md"
"""MIPI White Paper: Achieving Power Efficiency in IoT Devices with MIPI I3C""","tech/peripheral","src-i3c-mipi-download-mipi-whitepaper-achieving-power.md"
"""Introducing MIPI I3C 鈥搕he Next-Generation Serial Communication Bus""","tech/peripheral","src-i3c-mipi-knowledge-library-webinars-mipi-elektor.md"
"""I3C and I3C Basic | MIPI""","tech/peripheral","src-i3c-mipi-specifications-i3c-sensor-specification.md"
"""NXP I3C Training Reference Material""","tech/peripheral","src-i3c-nxp-docs-en-training-reference-material-tip.md"
"""I3C 鈥斺€?鏈潵浼犳劅鍣ㄧ殑""鍏ㄨ兘閫氫俊鐜?""","tech/peripheral","src-i3c-overview-csdn.md"
"""DDR5 I3C - Prodigy Technovations""","tech/peripheral","src-i3c-prodigytechno-ddr5-i3c.md"
"""I3C鍗忚璇﹁В""","tech/peripheral","src-i3c-protocol-cnblogs.md"
"MIPI I3C Sensor Sessions at MIPI DevCon2016","tech/peripheral","src-i3c-resources-mipi-i3c-sensor-sessions-at-mipi-dev.md"
"""MIPI I3C Sensor Sessions at MIPI DevCon2016""","tech/peripheral","src-i3c-resources-mipi-i3c-sensor-sessions-at-mipi-devcon.md"
"""Open-Source FPGA Implementation of an I3C Controller | Sciety""","tech/peripheral","src-i3c-sciety-articles-activity-103390-chips4010006.md"
"MIPI I3C IP | Synopsys","tech/peripheral","src-i3c-synopsys-designware-ip-interface-ip-mipi-mipi-.md"
"""MIPI I3C IP | Synopsys""","tech/peripheral","src-i3c-synopsys-designware-ip-interface-ip-mipi-mipi-i3c.md"
"I3C Protocol for Smarter Embedded Systems Explained | ThinkPalm","tech/peripheral","src-i3c-thinkpalm-blogs-i3c-explained-what-it-is-how-i.md"
"""I3C Protocol for Smarter Embedded Systems Explained | ThinkPalm""","tech/peripheral","src-i3c-thinkpalm-blogs-i3c-explained-what-it-is-how-it-wo.md"
"""I3C vs I2C: Unraveling the Battle of Communication Protocols""","tech/peripheral","src-i3c-wevolver-article-i3c-vs-i2c.md"
"IBIS Summit Feb 2024 - Burns Presentation","tech/dram","src-ibis-summit-feb24-burns.md"
"Untitled","tech/dram","src-ibis-summits-feb24-burnspdf.md"
"ICCircle Technical Document (2024-05-29)","tech/dram","src-iccircle-20240529.md"
"Untitled","tech/dram","src-iccircle-static-upload-img20240529101952pdf.md"
"IC鍩虹璇? 澶氭ā鍧楀紓姝ヤ氦浜掓椂锛屽浣曠‘瀹氱紦鍐插尯澶у皬","tech/soc-pm","src-ic基础课-多模块异步交互时-如何确定缓冲区大小.md"
"IC璁捐锛屾€庝箞瀹炵幇闈㈢Н鍜屾椂搴忕殑鍧囪　浼樺寲锛?page_type: source","tech/soc-pm","src-ic设计-怎么实现面积和时序的均衡优化.md"
"""Design and Implementation of UART With Effective Serial Communication | IEEE Conference Publication | IEEE Xplore""","tech/peripheral","src-ieeexplore-abstract-document-10673484.md"
"Snapchat Unveils Lens Studio AI, Spectacles Commerce, and AR Gaming Upgrades at Lens Fest 2025","industry/smart-glasses","src-influencermarketinghub-snapchat-lens-studio-ai-spe.md"
"Snapchat Unveils Lens Studio AI, Spectacles Commerce, and AR Gaming Upgrades at Lens Fest 2025","industry/smart-glasses","src-influencermarketinghub-snapchat-lens-studio-ai-spectacles-comme.md"
"Linux IO 瀛愮郴缁熷叏娴佺▼","tech/bsp","src-io-subsystem-overview.md"
"IOMMU 绠€浠?page_type: source","tech/bsp","src-iommu-intro.md"
"Linux 鎿嶄綔瀵勫瓨鍣ㄥ墠涓轰粈涔堣 ioremap","tech/bsp","src-ioremap-why.md"
"IO瀛愮郴缁熷叏娴佺▼浠嬬粛","tech/bsp","src-io子系统全流程介绍.md"
"Omdia锛?025骞碝ini LED鑳屽厜LCD TV鍑鸿揣灏嗚秴瓒奜LED TV","industry/tv","src-ithome-0-841-993htm.md"
"2026 - Rising at Dawn, Forging a New Path - JBD","industry/smart-glasses","src-jb-display-newsdetails-85html.md"
"LED Backlight Drivers ICs - Kinetic Technologies","tech/tv-backlight","src-kinet-ic-display-power-led-backlight-drivers-ics.md"
"KINIBI TEE 鐨勫彲淇＄幆澧冨強鐩稿叧婕忔礊涓庡埄鐢ㄦ柟娉?page_type: source","tech/bsp","src-kinibi-tee-的可信环境及相关漏洞与利用方法.md"
"""Mastering I2C Drivers on Embedded Linux | Kite Metric""","tech/peripheral","src-kitemetric-blogs-mastering-i2c-drivers-on-embedded.md"
"kmalloc涓庣‖浠禼ache涓€鑷存€?page_type: source","tech/soc-pm","src-kmalloc与硬件cache一致性.md"
"BOE attends SID Display Week 2024, making waves with AI-powered display technologies","tech/tv-backlight","src-koreaherald-article-3394189.md"
"L1锛孡2锛孡3 Cache绌剁珶鍦ㄥ摢閲岋紵","tech/soc-pm","src-l1-l2-l3-cache究竟在哪里.md"
"Mini-LED vs OLED: The Battle for Automotive Display Supremacy in 2025","industry/car-infotainment","src-lamboiparts-blogs-car-dvr-the-battle-for-automotiv.md"
"Mini-LED vs OLED - The Battle for Automotive Display Supremacy in 2025","industry/car-infotainment","src-lamboiparts-blogs-car-dvr-the-battle-for-automotive-.md"
"""[Exclusive Interview] WG Tech Advances Premium Micro/Mini LED Display Technologies""","tech/tv-backlight","src-ledinside-interview-2025-4-2025-04-23-09.md"
"[Exclusive Interview] WG Tech Advances Premium Micro/Mini LED Display Technologies, Widely Recognized by Leading Brands - LEDinside","tech/tv-backlight","src-ledinside-interview-2025-4-2025_04_23_09.md"
"JBD Launches the ""Roadrunner"" Platform - MicroLED Microdisplays with 2.5-渭m Pixel Pitch","industry/smart-glasses","src-ledinside-news-2025-10-2025_10_16_03.md"
"""[News] Mini LED Backlight Enters the 2.0 Era""","tech/tv-backlight","src-ledinside-news-2025-2-2025-02-20-01.md"
"[News] Mini LED Backlight Enters the 2.0 Era - LEDinside","tech/tv-backlight","src-ledinside-news-2025-2-2025_02_20_01.md"
"""Full Array Local Dimming Mini-LED Evolution: LTS's Pioneering Journey""","tech/tv-backlight","src-lincolntechsolutions-blog-full-array-local-dimming-mini-led-e.md"
"Full Array Local Dimming Mini-LED Evolution: LTS鈥檚 Pioneering Journey - Lincoln Technology Solutions","tech/tv-backlight","src-lincolntechsolutions-blog-full-array-local-dimming.md"
"Linux 璁惧椹卞姩姒傝堪","tech/bsp","src-linux-device-driver-overview.md"
"Linux 搴曞眰椹卞姩鍩虹璁ょ煡","tech/bsp","src-linux-driver-basics.md"
"Linux iio 瀛愮郴缁?page_type: source","tech/peripheral","src-linux-iio-子系统.md"
"Linux input 瀛愮郴缁?page_type: source","tech/peripheral","src-linux-input-子系统.md"
"Linux input 瀛愮郴缁熻瑙?page_type: source","tech/peripheral","src-linux-input-子系统详解.md"
"Linux 涓柇澶勭悊婕旇繘","tech/bsp","src-linux-interrupt-evolution.md"
"Linux leds 瀛愮郴缁?page_type: source","tech/peripheral","src-linux-leds-子系统.md"
"Linux 鍐呮牳鍐呭瓨鏄犲皠","tech/bsp","src-linux-memory-mapping.md"
"Linux 鎸傝浇姒傚康璇﹁В","tech/bsp","src-linux-mount-concept.md"
"Linux 鎸傝浇涓?/dev 璁块棶鐨勫尯鍒?page_type: source","tech/bsp","src-linux-mount-vs-dev.md"
"Linux 鐢垫簮绠＄悊妗嗘灦","tech/bsp","src-linux-power-management.md"
"Linux pwm 瀛愮郴缁?page_type: source","tech/peripheral","src-linux-pwm-子系统.md"
"Linux 绯荤粺浼戠湢浠嬬粛","tech/bsp","src-linux-suspend-intro.md"
"Linux 绯荤粺浼戠湢鍞ら啋","tech/bsp","src-linux-suspend-resume.md"
"Linux 涓轰粈涔堣鎸傝浇","tech/bsp","src-linux-why-mount.md"
"Linux 涓婭nput绯荤粺搴旂敤缂栫▼瀹炴垬","tech/peripheral","src-linux-下input系统应用编程实战.md"
"linux 鎸傝浇 鍒板簳鏄粈涔堜綔鐢ㄥ憿锛屽彲涓嶅彲浠ュ洖绛斿緱褰㈣薄鐐瑰晩锛?  Linux娈靛瓙鎵嬭€佺帇 鐨勫洖绛?page_type: source","tech/bsp","src-linux-挂载-到底是什么作用呢-可不可以回答得形象点啊-linux段子手老王-的回答.md"
"linux涓轰粈涔堣鎸傝浇锛岀洿鎺ヨ闂甦ev鐩綍涓嶈鍚楋紵   閱夊崸娌欏満 鐨勫洖绛?page_type: source","tech/bsp","src-linux为什么要挂载-直接访问dev目录不行吗-醉卧沙场-的回答.md"
"dd if=/dev/sdb4 of=/tmp/test bs=4M count=2","tech/bsp","src-linux为什么访问设备数据先要mount-醉卧沙场-的回答.md"
"Linux鍐呮牳涔媝inctrl瀛愮郴缁?page_type: source","tech/peripheral","src-linux内核之pinctrl子系统.md"
"linux绯荤粺浼戠湢锛堜竴锛変紤鐪犱粙缁?page_type: source","tech/bsp","src-linux系统休眠-一-休眠介绍.md"
"Linux椹卞姩涔婭2C椹卞姩鏋舵瀯","tech/peripheral","src-linux驱动之i2c驱动架构.md"
"Linux椹卞姩鍒嗘瀽涔婼PI椹卞姩鏋舵瀯","tech/peripheral","src-linux驱动分析之spi驱动架构.md"
"little kernel鍒嗘瀽","tech/bsp","src-little-kernel分析.md"
"SLAM system for AR/VR - Next-Gen Full Fusion Tracking","industry/smart-glasses","src-lp-research-slam-system-ar-vr-tracking.md"
"Apple Removes '2024' Timeframe From Next-Generation CarPlay Page","industry/car-infotainment","src-macrumors-2025-01-23-apple-removes-2024-from-next-.md"
"Apple Removes '2024' Timeframe From Next-Generation CarPlay Page - MacRumors","industry/car-infotainment","src-macrumors-2025-01-23-apple-removes-2024-from-next.md"
"Untitled","tech/dram","src-mapyourshow-mys_shared-dcon23-handouts-paper_track.md"
"AI Smart Glasses Consumer Market Research Report 2034","industry/smart-glasses","src-marketintelo-report-ai-smart-glasses-consumer-mark.md"
"AI Smart Glasses Consumer Market Research Report 2034","industry/smart-glasses","src-marketintelo-report-ai-smart-glasses-consumer-market.md"
"""Innovative Memory Solution: Samsung's MCRDIMM Targets High-Performance Computing""","tech/dram","src-mcrdimm-samsung-hpc.md"
"MediaTek 缁撳悎 NVIDIA 鎶€鏈帹鍑?Dimensity Auto 搴ц埍骞冲彴锛屼负姹借溅甯︽潵鍏堣繘鐨?AI 鎶€鏈?page_type: source","industry/car-infotainment","src-mediatek-zh-cn-press-room-mediatek-brings-advance.md"
"鍐呭瓨璇诲彇閫熺巼娴嬭瘯","tech/bsp","src-memory-bandwidth-test.md"
"Memory闂茶皥锛圖RAM锛孲RAM锛?page_type: source","tech/dram","src-memory闲谈-dram-sram.md"
"MicroLED TVs Overview","industry/tv","src-microled-info-microled-tv.md"
"Micron Ships World's First 1纬-Based LPDDR5X Sample","tech/dram","src-micron-1gamma-lpddr5x.md"
"Advancing DLEP verification and compliance with Cadence Design Systems | Micron Technology Inc.","tech/dram","src-micron-about-blog-memory-dram-advancing-dlep-ve.md"
"""MIPI Alliance Releases I3C Basic v1.2 Utility and Control Bus Interface for Mobile, IoT and Data Center Applications""","tech/peripheral","src-mipi-press-releases-mipi-releases-i3c-basic-v.md"
"Synopsys Accelerates Next-Level Chip Innovation on TSMC Advanced Processes - Apr 24, 2024","tech/dram","src-news-2024-04-24-synopsys-accelerates-next-lev.md"
"At CES 2024, Valeo and Sennheiser present ImagIn - an immersive sound and light experience in your car","industry/car-infotainment","src-newsroom-at-ces-2024-valeo-and-sennheiser-present.md"
"NVIDIA ADAS 鑻变紵杈綝riveOS鍏ラ棬","tech/soc-pm","src-nvidia-adas-英伟达driveos入门.md"
"NVIDIA ADAS 鑻变紵杈綩rin鑺墖浠嬬粛","tech/soc-pm","src-nvidia-adas-英伟达orin芯片介绍.md"
"NVIDIA Unveils DRIVE Thor 鈥?Centralized Car Computer Unifying Cluster, Infotainment, Automated Driving, and Parking in a Single, Cost-Saving System | NVIDIA Newsroom","industry/car-infotainment","src-nvidianews-news-nvidia-unveils-drive-thor-centrali.md"
"NVIDIA Unveils DRIVE Thor 鈥?Centralized Car Computer Unifying Cluster, Infotainment, Automated Driving, and Parking","industry/car-infotainment","src-nvidianews-news-nvidia-unveils-drive-thor-centraliz.md"
"銆怤VMEM瀛愮郴缁熴€戜竴銆丒fuse浠嬬粛鍙婂畨鍏ㄥ惎鍔ㄦ祬鏋?page_type: source","tech/bsp","src-nvmem子系统-一-efuse介绍及安全启动浅析.md"
"""NXP Application Note AN12174""","tech/peripheral","src-nxp-docs-en-application-note-an12174pdf.md"
"""NXP Application Note AN14175""","tech/peripheral","src-nxp-docs-en-application-note-an14175pdf.md"
"Page Fault 澶勭悊鏈哄埗","tech/bsp","src-page-fault-handling.md"
"page fault鏃跺彂鐢熶簡浠€涔?page_type: source","tech/bsp","src-page-fault时发生了什么.md"
"Competitive Landscape of Novatek Microelectronics Corp.","industry/tv","src-portersfiveforce-blogs-competitors-novatek.md"
"power gating涓巆lk gating","tech/soc-pm","src-power-gating与clk-gating.md"
"Global and China Intelligent Vehicle Cockpit-driving Integration Industry Report 2024 Featuring 44 Products and Solutions Suppliers and 9 Major Chip Vendors","industry/car-infotainment","src-prnewswire-news-releases-global-and-china-intellig.md"
"Global and China Intelligent Vehicle Cockpit-driving Integration Industry Report 2024","industry/car-infotainment","src-prnewswire-news-releases-global-and-china-intellige.md"
"RISC-V Summit EU 2024 - PULP Platform","tech/soc-pm","src-pulp-platform-docs-riscvmunich2024-riscv-summit-eu-202.md"
"Untitled","tech/soc-pm","src-pulp-platform-docs-riscvmunich2024-riscv-summit-eu.md"
"Qualcomm and Bosch Showcase New Central Vehicle Computer for Digital Cockpit and Driver Assistance Functions at CES 2024","industry/car-infotainment","src-qualcomm-news-releases-2024-01-qualcomm-and-bosch.md"
"鍦ㄦ爲鑾撴淳涓婂姩鎵嬪啓涓€涓皬 OS","tech/bsp","src-raspberry-pi-os-dev.md"
"LG OLED evo G5 (2025) vs evo G4 (2024): what's different?","industry/tv","src-redaktor-tech-lg-oled-evo-g5.md"
"Renesas Unveils Industry's First Automotive Multi-Domain SoC Built with 3-nm Process Technology","industry/car-infotainment","src-renesas-en-about-newsroom-renesas-unveils-indust.md"
"AS3824 - 16-Channel Local Dimming LED Backlight Controller","tech/tv-backlight","src-renesas-en-products-as3824.md"
"Automotive Cockpit Domain Controller Research Report, 2025","industry/car-infotainment","src-researchandmarkets-reports-5867893-automotive-cock.md"
"Automotive Cockpit Domain Controller Research Report, 2025","industry/car-infotainment","src-researchandmarkets-reports-5867893-automotive-cockpit-domai.md"
"China Passenger Car Cockpit Multi/Dual Display Research Report, 2023-2024 - ResearchInChina","industry/car-infotainment","src-researchinchina-htmls-report-2024-74971html.md"
"Automotive Cockpit SoC Research Report, 2024 - ResearchInChina","industry/car-infotainment","src-researchinchina-htmls-report-2024-74973html.md"
"Meta Waveguide Provider Claims ""world's first"" 70掳 FoV Waveguide","industry/smart-glasses","src-roadtovr-meta-waveguide-provider-lumus-zoe-70-deg.md"
"Agile in Hardware: The Future of Agile Hardware Development, A Case Study From High Power Semiconductor Industry With Milad Maleki and Markus Thut - Scrum Master Toolbox Podcast","tech/soc-pm","src-scrum-master-toolbox-2024-11-podcast-agile-in-hard.md"
"Agile in Hardware - The Future of Agile Hardware Development, A Case Study From High Power Semiconductor Industry","tech/soc-pm","src-scrum-master-toolbox-2024-11-podcast-agile-in-hardware-the-fu.md"
"Secure boot鍏ラ棬 1鍩烘湰姒傚康鍜屾鏋?page_type: source","tech/bsp","src-secure-boot入门-1基本概念和框架.md"
"Secure boot鍏ラ棬 2fip鍖呭姞杞絠mage娴佺▼","tech/bsp","src-secure-boot入门-2fip包加载image流程.md"
"Secure boot鍏ラ棬 3闀滃儚楠岀鍩虹鍙婁唬鐮佸垵鎺?page_type: source","tech/bsp","src-secure-boot入门-3镜像验签基础及代码初探.md"
"Secure boot鍏ラ棬 4闀滃儚楠岀浠ｇ爜鍒嗘瀽","tech/bsp","src-secure-boot入门-4镜像验签代码分析.md"
"By default BL31 encryption disabled","tech/bsp","src-secureboot入门-5镜像加密签名打包.md"
"secureboot鍏ラ棬 6瀹夊崜AVB瀹夊叏鍚姩鍩虹","tech/bsp","src-secureboot入门-6安卓avb安全启动基础.md"
"bin2header宸ュ叿鎴戝湪AVB绯诲垪鍗氬涓?AVB涓皢鍏挜杞崲鎴愬瓧绗︽暟缁勫ご鏂囦欢鐨勫疄鐜?鏈変粙缁?page_type: source","tech/bsp","src-secureboot入门-7安卓avb校验代码分析.md"
"secureboot鍏ラ棬 8纭欢鏉傝皥鍜屾眹鎬?page_type: source","tech/bsp","src-secureboot入门-8硬件杂谈和汇总.md"
"Semaphore 涓?Mutex 鐨勫尯鍒?page_type: source","tech/bsp","src-semaphore-vs-mutex.md"
"semaphore鍜宮utex鐨勫尯鍒紵   浜屽緥鑳屽弽 鐨勫洖绛?page_type: source","tech/bsp","src-semaphore和mutex的区别-二律背反-的回答.md"
"CXL Memory Module Box CMM-B | Samsung Semiconductor Global","tech/dram","src-semiconductor-news-events-tech-blog-cxl-memory-mod.md"
"Innovative Memory Solution Samsungs MCRDIMM Targets High-Performance Computing | Samsung Semiconductor Global","tech/dram","src-semiconductor-news-events-tech-blog-innovative-mem.md"
"How AI And Connected Workflows Will Close The Verification Bottleneck","tech/soc-pm","src-semiengineering-how-ai-and-connected-workflows-wil.md"
"How AI And Connected Workflows Will Close The Verification Bottleneck","tech/soc-pm","src-semiengineering-how-ai-and-connected-workflows-will-clos.md"
"Semiconductor Engineering - Deep Insights For Chip Engineers","tech/soc-pm","src-semiengineering.md"
"Keysight EDA at the 2024 Design Automation Conference","tech/soc-pm","src-semiwiki-eda-346400-keysight-eda-at-61dac-its-big.md"
"Keysight EDA 2024 Delivers Shift Left for Chiplet and PDK Workflows","tech/soc-pm","src-semiwiki-eda-keysight-eda-336039-keysight-eda-202.md"
"SemiWiki - The Open Forum for Semiconductor Professionals","tech/soc-pm","src-semiwiki.md"
"Smart Eye CES 2024 Press Content","industry/car-infotainment","src-smarteye-wp-content-uploads-2023-12-ces-2024-coll.md"
"SMP澶氭牳鍚姩锛堜竴锛夛細spin table","tech/bsp","src-smp多核启动-一-spin-table.md"
"SMP澶氭牳鍚姩锛堜簩锛夛細PSCI","tech/bsp","src-smp多核启动-二-psci.md"
"SoC 101锛堝叚锛夛細Memory","tech/soc-pm","src-soc-101-六-memory.md"
"SOC 鍚姩娴佺▼璇﹁В锛圦emu + ATF + U-Boot + Linux锛?page_type: source","tech/bsp","src-soc-bootflow-detailed.md"
"SOC浣庡姛鑰?AVS涓嶥VFS","tech/soc-pm","src-soc低功耗-avs与dvfs.md"
"SoC鍏ラ棬 1鑺墖鐮旂┒妗嗘灦锛堜笂锛?page_type: source","tech/soc-pm","src-soc入门-1芯片研究框架-上.md"
"SoC鍏ラ棬 2鑺墖鐮旂┒妗嗘灦锛堜笅锛?page_type: source","tech/soc-pm","src-soc入门-2芯片研究框架-下.md"
"SOC鍚姩娴佺▼","tech/bsp","src-soc启动流程.md"
"SoC甯哥敤澶栬瀛樺偍璁惧  PSRAM","tech/dram","src-soc常用外设存储设备-psram.md"
"SoC甯哥敤澶栬鎺ュ彛  涓茶鍗忚IIC銆乁ART銆丼PI瀵规瘮","tech/peripheral","src-soc常用外设接口-串行协议iic-uart-spi对比.md"
"SoC杞欢鎶€鏈? 鏍搁棿閫氫俊","tech/bsp","src-soc软件技术-核间通信.md"
"杞腑鏂?CPU 寮€閿€鍒嗘瀽","tech/bsp","src-softirq-cpu-overhead.md"
"2025鏄剧ず鎶€鏈?绁炰粰鎵撴灦""锛孯GB-Mini LED""涓婁綅""锛孮D-OLED鍏夌幆瑜幓","industry/tv","src-sohu-a-881791417-365505.md"
"2025鏄剧ず鎶€鏈€滅浠欐墦鏋垛€?RGB-Mini LED鈥滀笂浣嶁€?QD-OLED鍏夌幆瑜幓_浜害_鐢佃_宄板€?page_type: source","industry/tv","src-sohu-a-881791417_365505.md"
"""STMicroelectronics Training Resource""","tech/peripheral","src-st-content-ccc-resource-training-technical.md"
"""STMicroelectronics Application Note AN4013""","tech/peripheral","src-st-resource-en-application-note-an4013-intr.md"
"""STMicroelectronics Application Note AN4277""","tech/peripheral","src-st-resource-en-application-note-an4277-how.md"
"Untitled","tech/peripheral","src-st-resource-en-application_note-an4013-intr.md"
"Untitled","tech/peripheral","src-st-resource-en-application_note-an4277-how.md"
"STM32 Flash 纾ㄦ崯鍧囪　绠楁硶","tech/bsp","src-stm32-flash-wear-leveling.md"
"STM32鍐呴儴Flash浣跨敤纾ㄦ崯鍧囪　绠楁硶(Erase Leveling)","tech/bsp","src-stm32内部flash使用磨损均衡算法-erase-leveling.md"
"AI-Powered In-Vehicle Cockpit and Assistant Market Report, Industry and Market Size & Revenue, Share, Forecast 2024鈥?030","industry/car-infotainment","src-strategicmarketresearch-market-report-ai-powered-i.md"
"AI-Powered In-Vehicle Cockpit and Assistant Market Report, Industry and Market Size & Revenue, Share, Forecast 2024鈥?030","industry/car-infotainment","src-strategicmarketresearch-market-report-ai-powered-in-vehicle-cock.md"
"Display Timing Controller (TCON) Market Size ($5.1 Billion) 2030","industry/tv","src-strategicmarketresearch-market-report-display-timi.md"
"Display Timing Controller (TCON) Market Size ($5.1 Billion) 2030","industry/tv","src-strategicmarketresearch-market-report-display-timing-controller.md"
"AI-Driven Bug Discovery & Faster Coverage Closure in Chip Design | Synopsys","tech/soc-pm","src-synopsys-blogs-chip-design-ai-driven-bug-discover.md"
"How NVIDIA Uses Functional Verification Tools | Synopsys Blog","tech/soc-pm","src-synopsys-blogs-chip-design-vso-ai-nvidiahtml.md"
"Silicon to Systems Blog | Synopsys","tech/soc-pm","src-synopsys-blogs-chip-design.md"
"Synopsys Accelerates Next-Level Chip Innovation on TSMC Advanced Processes","tech/dram","src-synopsys-tsmc-advanced-processes.md"
"DDR4 SDRAM - Initialization, Training and Calibration - systemverilog.io","tech/dram","src-systemverilog-design-ddr4-initialization-and-calib.md"
"Featured Analysis | TechInsights","industry/smart-glasses","src-techinsights-about-techinsights-overview-newsroom-.md"
"Featured Analysis | TechInsights","industry/smart-glasses","src-techinsights-about-techinsights-overview-newsroom-fea.md"
"TEE涓殑SCMI鏈嶅姟涓嶴CP鍥轰欢","tech/bsp","src-tee中的scmi服务与scp固件.md"
"TEE瀹夊叏鏀婚槻涔嬪唴瀛橀殧绂?銆怬PTEE銆?page_type: source","tech/bsp","src-tee安全攻防之内存隔离-optee.md"
"绋嬪簭鐨?text銆乨ata銆乥ss 娈?page_type: source","tech/bsp","src-text-data-bss-segments.md"
"TI LED Backlight Driver Technical Document (SLVAEF3)","tech/tv-backlight","src-ti-lit-pdf-slvaef3.md"
"I Just Saw the Future of AR Glasses 鈥?Qualcomm and VoxelSensors Partnership","industry/smart-glasses","src-tomsguide-computing-smart-glasses-i-just-saw-the-f.md"
"I just tested the futuristic Rokid Glasses","industry/smart-glasses","src-tomsguide-computing-smart-glasses-i-just-tested-th.md"
"2024 Mini LED Backlight Market In-depth Analysis of Four Major Aspects","industry/tv","src-trendforce-news-2024-08-29-2024-mini-led-backlight.md"
"[News] Micron Ships World鈥檚 First 1纬-Based LPDDR5X Sample, Marking Industry鈥檚 Thinnest Design","tech/dram","src-trendforce-news-2025-06-04-news-micron-ships-world.md"
"u boot涓湁濂藉start.s,鎬庝箞纭畾浠庡摢涓紑濮嬫墽琛屽晩锛?  闂厜鍚inux 鐨勫洖绛?page_type: source","tech/bsp","src-u-boot中有好多start-s-怎么确定从哪个开始执行啊-闪光吧linux-的回答.md"
"UART鎺ユ敹鏈虹殑娉㈢壒鐜囧宸?page_type: source","tech/peripheral","src-uart接收机的波特率容差.md"
"uboot 3閾炬帴鑴氭湰鍜岀涓€闃舵鍚姩","tech/bsp","src-uboot-3链接脚本和第一阶段启动.md"
"U-Boot 鍚姩娴佺▼鍒嗘瀽","tech/bsp","src-uboot-bootflow-analysis.md"
"U-Boot 寮€鍙戠殑鍑犱釜鏍稿績闂","tech/bsp","src-uboot-core-issues.md"
"U-Boot 椹卞姩妯″瀷锛圖M锛夎瑙?page_type: source","tech/bsp","src-uboot-dm-model.md"
"U-Boot 涓浣曠‘瀹氭墽琛屽摢涓?start.S","tech/bsp","src-uboot-start-s-determination.md"
"U-Boot","tech/bsp","src-uboot入门-1简介和运行.md"
"Use sed to remove leading zeros from PATCHLEVEL to avoid using octal numbers","tech/bsp","src-uboot入门-2makefile和编译.md"
"# Device Tree Control","tech/bsp","src-uboot入门-4命令行和驱动管理.md"
"uboot鍏ラ棬 5linux鍚姩鍓嶅","tech/bsp","src-uboot入门-5linux启动前夜.md"
"uboot鍏ラ棬 6绉绘瑕佺偣","tech/bsp","src-uboot入门-6移植要点.md"
"UEFI 浠ｇ爜鍔犺浇鏈哄埗","tech/bsp","src-uefi-loader.md"
"UEFI浠ｇ爜鏄敱璋佸姞杞界殑锛?  鑰佺嫾 鐨勫洖绛?page_type: source","tech/bsp","src-uefi代码是由谁加载的-老狼-的回答.md"
"UIO 鐢ㄦ埛绌洪棿璁惧椹卞姩鏈哄埗","tech/bsp","src-uio-driver-mechanism.md"
"TCL Introduces the QM8K Precise Dimming QD-Mini LED TV","tech/tv-backlight","src-us-blogs-press-releases-tcl-introduces-the.md"
"鐢ㄦ埛鎬佺洿鎺ユ搷绾电‖浠?鈥?UIO 妗嗘灦瀹炶返","tech/bsp","src-userspace-hardware-access.md"
"VLSI System Design SoC Labs - RISC-V Reference SoC Tapeout Program","tech/soc-pm","src-vlsisystemdesign-soc-labs.md"
"涓や竾瀛楁眹鎬伙綔2025鍏夊崥浼氾紝鐪嬪埌AR浜т笟鍏ㄩ潰鍟嗕笟鍖栫垎鍙戠殑鏇欏厜","industry/smart-glasses","src-vrtuoluo-543632html.md"
"""How Does SPI Work? A Comprehensive Guide for Digital and Hardware Engineers""","tech/peripheral","src-wevolver-article-how-does-spi-work-a-comprehensiv.md"
"""UART Protocol: Understanding Serial Communication for Engineers""","tech/peripheral","src-wevolver-article-uart-protocol-understanding-seri.md"
"2025骞村害澶囧彈鍏虫敞鐨勫崄澶R鎶€鏈?page_type: source","industry/smart-glasses","src-woshipm-ai-6341694html.md"
"EECS 2024-222 Technical Report","tech/soc-pm","src-www2-pubs-techrpts-2024-eecs-2024-222pdf.md"
"News - How Silicon Carbide (SiC) is crossing into AR glasses锛?page_type: source","industry/smart-glasses","src-xkh-semitech-news-how-silicon-carbide-sic-is-cross.md"
"How Silicon Carbide (SiC) is Crossing into AR Glasses","industry/smart-glasses","src-xkh-semitech-news-how-silicon-carbide-sic-is-crossing.md"
"Linux 闆舵嫹璐濇妧鏈?page_type: source","tech/bsp","src-zero-copy.md"
"TV Backlight 棰嗗煙鏂囩珷绱㈠紩","tech/tv-backlight","src-_article-index.md"
"涓€鏂囧交搴曟彮绉榣inux鎿嶄綔绯荤粺涔嬨€岄浂鎷疯礉銆嶏紒","tech/bsp","src-一文彻底揭秘linux操作系统之-零拷贝.md"
"涓€鏂囨悶鎳侺inux鐢垫簮绠＄悊锛堝悎闆嗭級","tech/bsp","src-一文搞懂linux电源管理-合集.md"
"涓€鏂囨悶鎳俵inux绯荤粺浼戠湢鍞ら啋","tech/bsp","src-一文搞懂linux系统休眠唤醒.md"
"涓€鏂囨悶鎳侽PTEE鐨勪腑鏂鐞嗘満鍒?page_type: source","tech/bsp","src-一文搞懂optee的中断处理机制.md"
"涓€鏂囨悶鎳俇EFI","tech/bsp","src-一文搞懂uefi.md"
"涓€鏂囩啛鎮塗rusted Firmware M","tech/bsp","src-一文熟悉trusted-firmware-m.md"
"涓€鏂囩湅鎳侴ICv3","tech/bsp","src-一文看懂gicv3.md"
"涓€鏂囪亰鑱奓inux Kernel鐨勫姞瀵嗗瓙绯荤粺銆怌rypto Subsystem銆?page_type: source","tech/bsp","src-一文聊聊linux-kernel的加密子系统-crypto-subsystem.md"
"涓€绡囪鏂囪閫廋ache浼樺寲","tech/dram","src-一篇论文讲透cache优化.md"
"涓€璧锋潵鐪嬬湅浠€涔堟槸TCB锛?page_type: source","tech/bsp","src-一起来看看什么是tcb.md"
"涓囧瓧闀挎枃锛氬畨鍏ㄥ惎鍔ㄤ箣SecureBoot鍚姩鍚э紙灏忕櫧涔熻兘鐪嬫噦锛侊級","tech/bsp","src-万字长文-安全启动之secureboot启动吧-小白也能看懂.md"
"涓庢枃蹇冧竴瑷€Battle涓€澶╁緱鍒癟rustZone瀛︿範鍦板浘","tech/bsp","src-与文心一言battle一天得到trustzone学习地图.md"
"涓轰粈涔?CPU 涓婚寰堥毦瓒呰繃 4GHz锛?  鑰佺嫾 鐨勫洖绛?page_type: source","tech/soc-pm","src-为什么-cpu-主频很难超过-4ghz-老狼-的回答.md"
"涓轰粈涔圓RM Server瑕佺敤ACPI锛烝CPI vs DeviceTree","tech/bsp","src-为什么arm-server要用acpi-acpi-vs-devicetree.md"
"涓轰粈涔圓SIC鐨勯鐜囧彲浠ヨ揪鍒癎Hz锛岃€孎PGA鍙兘杈惧埌鍑犵櫨MHz锛?  宀戝窛 鐨勫洖绛?page_type: source","tech/soc-pm","src-为什么asic的频率可以达到ghz-而fpga只能达到几百mhz-岑川-的回答.md"
"涓轰粈涔坢emory鍒剁▼姣擟PU鐨勫埗绋嬩綆锛?  鑰佺嫾 鐨勫洖绛?page_type: source","tech/soc-pm","src-为什么memory制程比cpu的制程低-老狼-的回答.md"
"涓轰粈涔堜笉鎶婂崡妗ラ泦鎴愯繘CPU锛烠PU鍜屽崡妗ヨ姱鐗囦腑浠€涔堣祫婧愭渶鐝嶈吹锛?page_type: source","tech/soc-pm","src-为什么不把南桥集成进cpu-cpu和南桥芯片中什么资源最珍贵.md"
"涓轰粈涔堝唴瀛樻祴璇曚笉鍙槸绠€鍗曠殑璇诲啓锛熶竴鏂囩湅鎳備粠浣嶈“鍑忓埌琛岃蛋1鐨?绉嶆祴璇曟柟娉?page_type: source","tech/dram","src-为什么内存测试不只是简单的读写-一文看懂从位衰减到行走1的8种测试方法.md"
"涓轰粈涔堝姞浜嗕竴涓?200鍐呭瓨鏉℃樉绀?933鍛紝鍘熸潵閭ｄ釜鍜屾柊鐨勫崟鐙娇鐢ㄩ兘鏄?200   鑰佺嫾 鐨勫洖绛?page_type: source","tech/dram","src-为什么加了一个3200内存条显示2933呢-原来那个和新的单独使用都是3200-老狼-的回答.md"
"涓轰粈涔堣绠楁満鑺墖澶ч兘閲囩敤浣庣數鍘嬪ぇ鐢垫祦鐨勪緵鐢垫柟妗堬紵   鑰佺嫾 鐨勫洖绛?page_type: source","tech/soc-pm","src-为什么计算机芯片大都采用低电压大电流的供电方案-老狼-的回答.md"
"浜嗚ВLinux鍐呮牳鍐呭瓨鏄犲皠锛堜簩锛?page_type: source","tech/bsp","src-了解linux内核内存映射-二.md"
"浠€涔堟槸IOMMU锛?  鍖垮悕鐢ㄦ埛 鐨勫洖绛?page_type: source","tech/bsp","src-什么是iommu-匿名用户-的回答.md"
"浠€涔堟槸瀹夊叏鍚姩锛熻繖鏄墿鑱旂綉瀹夊叏鐨勮捣鐐?page_type: source","tech/bsp","src-什么是安全启动-这是物联网安全的起点.md"
"浠€涔堟槸鑺墖棰嗗煙鐨勨€滄晱鎹疯璁★紙Agile Development锛夆€濓紵   閮泟椋?鐨勫洖绛?page_type: source","tech/soc-pm","src-什么是芯片领域的-敏捷设计-agile-development-郭雄飞-的回答.md"
"浠婃棩闈㈣瘯棰? Linux鎿嶄綔瀵勫瓨鍣ㄥ墠涓轰粈涔堣ioremap","tech/bsp","src-今日面试题-linux操作寄存器前为什么要ioremap.md"
"浠庝綆閫烣lash鍒伴珮閫烡ram锛岃緭鍑虹數璺璁＄殑涓嶅悓鐐?page_type: source","tech/dram","src-从低速flash到高速dram-输出电路设计的不同点.md"
"浠庡唴鏍稿皬鐧藉埌澶х鈥斺€斿浘褰㈤┍鍔ㄥ熀纭€","tech/bsp","src-从内核小白到大神-图形驱动基础.md"
"浠庣數璺簳灞傛潵浜嗚ВCPU涓柇鏈哄埗","tech/peripheral","src-从电路底层来了解cpu中断机制.md"
"浠庣‖浠舵灦鏋勪笌杞欢鏋舵瀯鐪婽rustZone V2.0","tech/bsp","src-从硬件架构与软件架构看trustzone-v2-0.md"
"浣庡姛鑰楄璁″熀纭€锛歅ower Gating璇﹁В","tech/soc-pm","src-低功耗设计基础-power-gating详解.md"
"浣庡姛鑰楄璁＄殑RTL coding鏂规硶","tech/soc-pm","src-低功耗设计的rtl-coding方法.md"
"浣曚负鏂囦欢绯荤粺锛屼綍涓烘牴鏂囦欢绯荤粺锛?  瀹呭閮ㄨ惤 鐜嬪埄娑?鐨勫洖绛?page_type: source","tech/bsp","src-何为文件系统-何为根文件系统-宅学部落-王利涛-的回答.md"
"淇℃伅瀹夊叏锛氳蒋浠惰璇侊紙Authentication锛?page_type: source","tech/bsp","src-信息安全-软件认证-authentication.md"
"淇℃伅瀹夊叏鍩虹锛氬垵璇哖ublic Key","tech/bsp","src-信息安全基础-初识public-key.md"
"鍏堣繘灏佽鎶€鏈鏅細浠€涔堟槸鎵囧嚭鍨嬪皝瑁匜an out  Packaging锛熶粈涔堟槸FOWLP銆丗OCoS鍜孖nFO","tech/soc-pm","src-先进封装技术科普-什么是扇出型封装fan-out-packaging-什么是fowlp-focos和.md"
"鍐呭瓨锛圖RAM锛夌殑杩炵画璇诲啓閫熷害鍜岄殢鏈鸿鍐欓€熷害鏄竴鏍风殑鍚楋紵   鑰佺嫾 鐨勫洖绛?page_type: source","tech/dram","src-内存-dram-的连续读写速度和随机读写速度是一样的吗-老狼-的回答.md"
"鍐呭瓨  椤哄簭IO","tech/bsp","src-内存-顺序io.md"
"鍐呭瓨涓轰粈涔堣Training 鍐呭瓨鍒濆鍖栦唬鐮佷负浠€涔堟槸BIOS涓殑鍙︾被锛?page_type: source","tech/dram","src-内存为什么要training-内存初始化代码为什么是bios中的另类.md"
"鍐呭瓨寤惰繜锛氬洜涓庢灉","tech/dram","src-内存延迟-因与果.md"
"鍐呭瓨鏄犲皠IO (MMIO) 绠€浠?page_type: source","tech/soc-pm","src-内存映射io-mmio-简介.md"
"鍐呭瓨鏄€庝箞鏄犲皠鍒扮墿鐞嗗湴鍧€绌洪棿鐨勶紵鍐呭瓨鏄繛缁垎甯冪殑鍚楋紵","tech/dram","src-内存是怎么映射到物理地址空间的-内存是连续分布的吗.md"
"鍐呭瓨绠＄悊(涓€)锛氭繁鍏ョ悊瑙ｇ‖浠跺師鐞嗗拰鍒嗛〉绠＄悊鍖哄埆","tech/dram","src-内存管理-一-深入理解硬件原理和分页管理区别.md"
"鍐呭瓨绯诲垪涓夛細鍐呭瓨鍒濆鍖栨祬鏋?page_type: source","tech/dram","src-内存系列三-内存初始化浅析.md"
"鍐呭瓨绯诲垪浜岋細娣卞叆鐞嗚В纭欢鍘熺悊","tech/dram","src-内存系列二-深入理解硬件原理.md"
"鍐呭瓨绯诲垪瀛︿範锛堜竴锛夛細涓囧瓧闀挎枃甯︿綘鎼炲畾MMU&TLB&TWU","tech/bsp","src-内存系列学习-一-万字长文带你搞定mmu-tlb-twu.md"
"鍐呭瓨绯荤粺锛欴RAM, DDR 涓嶮emory Controller 涔嬩簩","tech/dram","src-内存系统-dram-ddr-与memory-controller-之二.md"
"鍐呭瓨鑳藉惁8G鍜?G缁勫弻閫氶亾锛?  lizj 鐨勫洖绛?page_type: source","tech/dram","src-内存能否8g和2g组双通道-lizj-的回答.md"
"鍒嗘瀽linux鍐呮牳qspi椹卞姩灞傛","tech/peripheral","src-分析linux内核qspi驱动层次.md"
"鍔熻€楀澶勭悊鍣ㄧ殑闄愬埗绌剁珶鏈夊澶э紵","tech/soc-pm","src-功耗对处理器的限制究竟有多大.md"
"鍗佸勾闂碅SICSoC璁捐鎶€鏈殑鍙樺寲","tech/soc-pm","src-十年间asicsoc设计技术的变化.md"
"鍗婂浣撳巶鍟嗗浣曞仛鑺墖鐨勫嚭鍘傛祴璇曪紵   Ricky Li 鐨勫洖绛?page_type: source","tech/soc-pm","src-半导体厂商如何做芯片的出厂测试-ricky-li-的回答.md"
"鍗婂浣撳巶鍟嗗浣曞仛鑺墖鐨勫嚭鍘傛祴璇曪紵   娓╂垐 鐨勫洖绛?page_type: source","tech/soc-pm","src-半导体厂商如何做芯片的出厂测试-温戈-的回答.md"
"鍗曟牴鍐呭瓨鏉＄殑鏋侀檺瀹归噺鏄灏戯紵鍐呭瓨鏉′笂鐨?R X 8浠ｈ〃浜嗕粈涔堟剰鎬濓紵","tech/dram","src-单根内存条的极限容量是多少-内存条上的2r-x-8代表了什么意思.md"
"鍗曠墖鏈洪€氫俊涓璖PI銆両2C銆乁ART涓夌鎬荤嚎鏈変粈涔堝紓鍚?page_type: source","tech/peripheral","src-单片机通信中spi-i2c-uart三种总线有什么异同.md"
"鍚屼竴bank group page hit鐨勬椂闂存槸tccd_S杩樻槸tccd_L   Ricky Li 鐨勫洖绛?page_type: source","tech/dram","src-同一bank-group-page-hit的时间是tccd_s还是tccd_l-ricky-li-的.md"
"鍚屽瀷鍙峰悓娆?CPU 涓轰粈涔堜細鏈夈€屼綋璐ㄣ€嶄箣鍒嗭紵   Ricky Li 鐨勫洖绛?page_type: source","tech/soc-pm","src-同型号同款-cpu-为什么会有-体质-之分-ricky-li-的回答.md"
"鍚屽瀷鍙峰悓娆?CPU 涓轰粈涔堜細鏈夈€屼綋璐ㄣ€嶄箣鍒嗭紵   yx huang 鐨勫洖绛?page_type: source","tech/soc-pm","src-同型号同款-cpu-为什么会有-体质-之分-yx-huang-的回答.md"
"銆愬惎鍔ㄣ€戣姱鐗囧惎鍔ㄨ繃绋嬪叏瑙ｆ瀽","tech/bsp","src-启动-芯片启动过程全解析.md"
"鍥藉澶х瓒呰缁嗚В璇伙細鑻规灉M1涓轰粈涔堟瘮鑻辩壒灏攛86蹇簡閭ｄ箞澶氾紵","tech/soc-pm","src-国外大神超详细解读-苹果m1为什么比英特尔x86快了那么多.md"
"鍧愬潗鍧愶紒鑱婅亰Secure Upgrade~","tech/bsp","src-坐坐坐-聊聊secure-upgrade.md"
"鍩轰簬ARM Cortex M鐨凷oC瀛樺偍浣撶郴缁撴瀯鍜屽疄鎴?page_type: source","tech/soc-pm","src-基于arm-cortex-m的soc存储体系结构和实战.md"
"鍩轰簬Jacinto 7 SoC鐨処PC搴旂敤","tech/bsp","src-基于jacinto-7-soc的ipc应用.md"
"澶勭悊鍣ㄩ棿閫氫俊锛歁ailBox涓嶮UTEX","tech/bsp","src-处理器间通信-mailbox与mutex.md"
"澶氬浘锛佷粖澶╄亰鑱奙asked ROM","tech/bsp","src-多图-今天聊聊masked-rom.md"
"澶氭牳 CPU 鍜屽涓?CPU 鏈変綍鍖哄埆锛?  鑰佺嫾 鐨勫洖绛?page_type: source","tech/soc-pm","src-多核-cpu-和多个-cpu-有何区别-老狼-的回答.md"
"澶氭牳鐨勬祦琛屾槸鍚﹁〃鏄庡崟涓?CPU 鏍稿績鎬ц兘鐨勬彁鍗囧凡杈剧摱棰堥樁娈碉紵   鍛嗘稕 鐨勫洖绛?page_type: source","tech/soc-pm","src-多核的流行是否表明单个-cpu-核心性能的提升已达瓶颈阶段-呆涛-的回答.md"
"濡備綍浣跨敤OP TEE杩涜鍙俊杞欢寮€鍙?page_type: source","tech/bsp","src-如何使用op-tee进行可信软件开发.md"
"濡備綍鍍忔惌绉湪涓€鏍锋瀯寤篊PU锛烮ntel鍜孉MD閮芥槸鎬庝箞鍋氱殑锛?page_type: source","tech/soc-pm","src-如何像搭积木一样构建cpu-intel和amd都是怎么做的.md"
"濡備綍娣卞叆娴呭嚭鍦扮悊瑙DR Controller锛?page_type: source","tech/dram","src-如何深入浅出地理解ddr-controller.md"
"濡備綍璁捐浣庡姛鑰桽OC锛堝洓锛岄檷鐢靛帇棰戠巼锛?page_type: source","tech/soc-pm","src-如何设计低功耗soc-四-降电压频率.md"
"濡備綍璁捐鍏锋湁寮哄ぇdebug鑳藉姏鐨処C绯荤粺","tech/soc-pm","src-如何设计具有强大debug能力的ic系统.md"
"濡備綍閫夋嫨DRAM锛?page_type: source","tech/dram","src-如何选择dram.md"
"瀛楃璁惧椹卞姩","tech/bsp","src-字符设备驱动.md"
"瀹夊叏寮曞鍜屽姞瀵嗘暟鎹瓨鍌?page_type: source","tech/bsp","src-安全引导和加密数据存储.md"
"ifdef CONFIG_AUTOBOOT_KEYED","tech/bsp","src-完全理解arm启动流程-uboot-kernel.md"
"瀵勫瓨鍣ㄧ殑閫熷害涓轰綍姣斿唴瀛樻洿蹇紵   psubunwell 鐨勫洖绛?page_type: source","tech/dram","src-寄存器的速度为何比内存更快-psubunwell-的回答.md"
"瀵逛簬Linux搴曞眰椹卞姩鐨勭畝鍗曡鐭?page_type: source","tech/bsp","src-对于linux底层驱动的简单认知.md"
"瀵规姉鍐呭瓨鐗╃悊璇诲彇鏀诲嚮鐨勫埄鍣細Intel TME鍜孉MD SME","tech/dram","src-对抗内存物理读取攻击的利器-intel-tme和amd-sme.md"
"宓屽叆寮忕郴缁熶腑锛孎LASH 涓殑绋嬪簭浠ｇ爜蹇呴』鎼埌 RAM 涓繍琛屽悧锛?  鏌愪汉 鐨勫洖绛?page_type: source","tech/bsp","src-嵌入式系统中-flash-中的程序代码必须搬到-ram-中运行吗-某人-的回答.md"
"甯︿綘娣卞叆鐞嗚В鍐呭瓨瀵归綈鏈€搴曞眰鍘熺悊","tech/dram","src-带你深入理解内存对齐最底层原理.md"
"搴曞眰杞欢  鍗佸垎璇︾粏锛屼负浜嗗涔犺澶囨爲锛屾垜鍐欎簡5w瀛楃瑪璁帮紒","tech/bsp","src-底层软件-十分详细-为了学习设备树-我写了5w字笔记.md"
"鎬荤粨DWC LPDDR MC鐨勫Bank 鐨勪徊瑁侊紙Arbitration锛夊拰閲嶆帓搴忥紙Reordering锛夋満鍒?page_type: source","tech/dram","src-总结dwc-lpddr-mc的多bank-的仲裁-arbitration-和重排序-reorderi.md"
"鎵嬫満涓殑LPDDR涓轰粈涔堜笉鑳芥浛浠ｇ數鑴戦噷鐨凞DR锛熻皝閫熷害鏇村揩锛?page_type: source","tech/dram","src-手机中的lpddr为什么不能替代电脑里的ddr-谁速度更快.md"
"鎸佺画婕旇繘璧勬枡鏁寸悊锛氬彲浠ュ涔?N 灏忔椂鐨?DDR","tech/dram","src-持续演进资料整理-可以学习-n-小时的-ddr.md"
"鎼濪DR锛屼綘鏄彲浠ョ湅鐪嬫垜鐨勮繖绡囩瑪璁?page_type: source","tech/dram","src-搞ddr-你是可以看看我的这篇笔记.md"
"鎼濪DR蹇呮噦鐨勫叧閿妧鏈瑪璁帮細娣卞叆鎺㈢┒DDR鐗╃悊缁撴瀯","tech/dram","src-搞ddr必懂的关键技术笔记-深入探究ddr物理结构.md"
"鏁版嵁蹇€掔珯鈥斺€旀帰绱IFO涓嶥MA","tech/peripheral","src-数据快递站-探索fifo与dma.md"
"鏅鸿兘 IC 鍗℃妧鏈潅璋?page_type: source","tech/peripheral","src-智能-ic-卡技术杂谈.md"
"鏅鸿兘缁堢瀹夊叏锛氱‖浠跺畨鍏ㄦ妧鏈€斿姞瀵嗚姱鐗?page_type: source","tech/bsp","src-智能终端安全-硬件安全技术-加密芯片.md"
"鏈€鍏ㄦ渶瀹屾暣鐨刄boot璧勬枡锛岀湅瀹屼綘灏辨噦浜?page_type: source","tech/bsp","src-最全最完整的uboot资料-看完你就懂了.md"
"銆愭湳銆戞€庢牱缁曡繃Linux kernel鍦ㄧ敤鎴锋€佹搷绾电‖浠?page_type: source","tech/bsp","src-术-怎样绕过linux-kernel在用户态操纵硬件.md"
"鏉ユ潵鏉ワ紒鑱婅亰Secure Debug~","tech/bsp","src-来来来-聊聊secure-debug.md"
"娴呰ВNUMA鏈哄埗 1","tech/dram","src-浅解numa机制-1.md"
"娴呰ВNUMA鏈哄埗","tech/dram","src-浅解numa机制.md"
"娴呰皥绋嬪簭涓殑text娈点€乨ata娈靛拰bss娈?page_type: source","tech/bsp","src-浅谈程序中的text段-data段和bss段.md"
"娴嬭瘯cache澶у皬 C璇█瀹炵幇","tech/bsp","src-测试cache大小-c语言实现.md"
"娴嬭瘯鍐呭瓨璇诲彇閫熺巼","tech/bsp","src-测试内存读取速率.md"
"娣卞叆鍐呭瓨涓诲瓨锛氳В鍓朌RAM瀛樺偍鍣?page_type: source","tech/dram","src-深入内存主存-解剖dram存储器.md"
"娣卞叆鐞嗚ВCPU鍜屽紓鏋勮绠楄姱鐗嘒PUFPGAASIC 锛堜笅绡囷級","tech/soc-pm","src-深入理解cpu和异构计算芯片gpufpgaasic-下篇.md"
"娣卞叆瑙ｆ瀽SoC鎬ц兘鍒嗘瀽锛歐hat銆乄hy 浠ュ強 How 锛?2锛?page_type: source","tech/soc-pm","src-深入解析soc性能分析-what-why-以及-how-12.md"
"insmod  leddrv.ko","tech/peripheral","src-深度-gpio和pinctrl子系统的使用-附免费视频.md"
"銆愭繁搴︺€戦煢涓滃北锛氫竴鏂囩湅鎳俵inux瀵逛腑鏂鐞嗙殑鍓嶄笘浠婄敓(闄勫厤璐硅棰?","tech/bsp","src-深度-韦东山-一文看懂linux对中断处理的前世今生-附免费视频.md"
"鐢垫簮绠＄悊鍏ラ棬 10 OPP浠嬬粛","tech/bsp","src-电源管理入门-10-opp介绍.md"
"鐢垫簮绠＄悊鍏ラ棬 11Regulator椹卞姩","tech/bsp","src-电源管理入门-11regulator驱动.md"
"鐢垫簮绠＄悊鍏ラ棬 12 clock椹卞姩","tech/bsp","src-电源管理入门-12-clock驱动.md"
"鐢垫簮绠＄悊鍏ラ棬 13Thermal 鐑鐞?page_type: source","tech/bsp","src-电源管理入门-13thermal-热管理.md"
"鐢垫簮绠＄悊鍏ラ棬 14 Watchdog","tech/bsp","src-电源管理入门-14-watchdog.md"
"鐢垫簮绠＄悊鍏ラ棬 15 PM QoS","tech/bsp","src-电源管理入门-15-pm-qos.md"
"鐢垫簮绠＄悊鍏ラ棬 16 椹卞姩Runtime PM绠＄悊","tech/bsp","src-电源管理入门-16-驱动runtime-pm管理.md"
"鐢垫簮绠＄悊鍏ラ棬 17 Power supply瀛愮郴缁?page_type: source","tech/bsp","src-电源管理入门-17-power-supply子系统.md"
"鐢垫簮绠＄悊鍏ラ棬 18 Power Domain绠＄悊","tech/bsp","src-电源管理入门-18-power-domain管理.md"
"鐢垫簮绠＄悊鍏ラ棬 19 寰唴鏍镐腑鐨勭數婧愮鐞?page_type: source","tech/bsp","src-电源管理入门-19-微内核中的电源管理.md"
"鐢垫簮绠＄悊鍏ラ棬 1鍏虫満閲嶅惎璇﹁В","tech/bsp","src-电源管理入门-1关机重启详解.md"
"鐢垫簮绠＄悊鍏ラ棬 20 Hypervisor涓殑鐢垫簮绠＄悊","tech/bsp","src-电源管理入门-20-hypervisor中的电源管理.md"
"鐢垫簮绠＄悊鍏ラ棬 21 鑺墖璁捐涓殑鐢垫簮绠＄悊","tech/bsp","src-电源管理入门-21-芯片设计中的电源管理.md"
"鐢垫簮绠＄悊鍏ラ棬 2寮€鏈鸿瑙?page_type: source","tech/bsp","src-电源管理入门-2开机详解.md"
"鐢垫簮绠＄悊鍏ラ棬 3 CPU鐑彃鎷攈otplug","tech/bsp","src-电源管理入门-3-cpu热插拔hotplug.md"
"鐢垫簮绠＄悊鍏ラ棬 4瀛愮郴缁焤eset","tech/bsp","src-电源管理入门-4子系统reset.md"
"鐢垫簮绠＄悊鍏ラ棬 5 arm scmi鍜宮ailbox鏍搁棿閫氫俊","tech/bsp","src-电源管理入门-5-arm-scmi和mailbox核间通信.md"
"鐢垫簮绠＄悊鍏ラ棬 6 CPUFreq","tech/bsp","src-电源管理入门-6-cpufreq.md"
"鐢垫簮绠＄悊鍏ラ棬 7 DevFreq","tech/bsp","src-电源管理入门-7-devfreq.md"
"鐢垫簮绠＄悊鍏ラ棬 8 浼戠湢鍞ら啋","tech/bsp","src-电源管理入门-8-休眠唤醒.md"
"鐢垫簮绠＄悊鍏ラ棬 9 CPU Idle","tech/bsp","src-电源管理入门-9-cpu-idle.md"
"鐢垫簮绠＄悊鍏ラ棬 寮€绡囧嵆宸呭嘲","tech/bsp","src-电源管理入门-开篇即巅峰.md"
"鐢垫簮绠＄悊鍏ラ棬 姹囨€荤瘒","tech/bsp","src-电源管理入门-汇总篇.md"
"鐢佃剳鐨?RAM 浣跨敤杈冨鏄惁浼氭瘮鍗犵敤鐜囧亸浣庢椂璐圭數锛?  鑰佺嫾 鐨勫洖绛?page_type: source","tech/soc-pm","src-电脑的-ram-使用较多是否会比占用率偏低时费电-老狼-的回答.md"
"鐢佃剳纭欢鍏ラ棬鈥斺€斿熀纭€涔嬭绠楁満鏋舵瀯","tech/soc-pm","src-电脑硬件入门-基础之计算机架构.md"
"纭殑浣跨敤dd杩涜纾佺洏璇诲啓閫熷害娴嬭瘯","tech/bsp","src-确的使用dd进行磁盘读写速度测试.md"
"绗旇鏈數鑴戞槸8g鍐呭瓨锛屾兂鍔犲唴瀛橈紝鏄?鉃?2g濂斤紝杩樻槸涓ゆ潯閮芥槸16g濂斤紵   鑰佺嫾 鐨勫洖绛?page_type: source","tech/dram","src-笔记本电脑是8g内存-想加内存-是8-32g好-还是两条都是16g好-老狼-的回答.md"
"銆愮郴缁烡FX銆戝浣曡瘖鏂崰鐢ㄨ繃澶?CPU銆佸唴瀛樸€両O 绛夌殑绁炵杩涚▼锛?page_type: source","tech/bsp","src-系统dfx-如何诊断占用过多-cpu-内存-io-等的神秘进程.md"
"銆愮郴缁熷惎鍔ㄣ€?W瀛楃悊娓匲Boot濡備綍璺宠浆Kernel鈥攗boot涓巐inux浜ょ晫","tech/bsp","src-系统启动-3w字理清uboot如何跳转kernel-uboot与linux交界.md"
"銆愮郴缁熷惎鍔ㄣ€慘ernel鎬庝箞璺宠浆鍒癆ndroid锛歭inux涓庡畨鍗撶殑浜ょ晫","tech/bsp","src-系统启动-kernel怎么跳转到android-linux与安卓的交界.md"
"銆愮郴缁熷惎鍔ㄣ€憉boot鍚姩娴佺▼婧愮爜鍒嗘瀽","tech/bsp","src-系统启动-uboot启动流程源码分析.md"
"缁煎悎鑳藉姏璁粌锛氬湪鏍戣帗娲句笂鍔ㄦ墜鍐欎竴涓皬OS锛?锛夛細瀹為獙鍓嶅噯澶?page_type: source","tech/bsp","src-综合能力训练-在树莓派上动手写一个小os-1-实验前准备.md"
"鑱婅亰Linux鐨凞MA鏈哄埗","tech/peripheral","src-聊聊linux的dma机制.md"
"鑱婅亰Secure Storage~","tech/bsp","src-聊聊secure-storage.md"
"鑱婅亰SOC鍚姩锛堜竴锛?armv8鍚姩鎬讳綋娴佺▼","tech/bsp","src-聊聊soc启动-一-armv8启动总体流程.md"
"鑱婅亰SOC鍚姩锛堜竷锛?SPL鍚姩鍒嗘瀽","tech/bsp","src-聊聊soc启动-七-spl启动分析.md"
"if DEBUG","tech/bsp","src-聊聊soc启动-三-atf-bl2启动流程.md"
"add boot stage info to fdt","tech/bsp","src-聊聊soc启动-九-为uboot-添加新的board.md"
"鑱婅亰SOC鍚姩锛堜簩锛?ATF BL1鍚姩娴佺▼","tech/bsp","src-聊聊soc启动-二-atf-bl1启动流程.md"
"鑱婅亰SOC鍚姩锛堜簲锛?uboot鍚姩娴佺▼涓€","tech/bsp","src-聊聊soc启动-五-uboot启动流程一.md"
"鑱婅亰SOC鍚姩锛堝叓锛?uboot鍚姩娴佺▼涓?page_type: source","tech/bsp","src-聊聊soc启动-八-uboot启动流程三.md"
"鑱婅亰SOC鍚姩锛堝叚锛?uboot鍚姩娴佺▼浜?page_type: source","tech/bsp","src-聊聊soc启动-六-uboot启动流程二.md"
"鑱婅亰SOC鍚姩锛堝崄锛?鍐呮牳鍚姩鍏堝鐭ヨ瘑","tech/bsp","src-聊聊soc启动-十-内核启动先导知识.md"
"鑱婅亰SOC鍚姩锛堝崄涓€锛?鍐呮牳鍒濆鍖?page_type: source","tech/bsp","src-聊聊soc启动-十一-内核初始化.md"
"鑱婅亰SOC鍚姩锛堝洓锛?ATF BL31鍚姩娴佺▼","tech/bsp","src-聊聊soc启动-四-atf-bl31启动流程.md"
"鑷姩椹鹃┒鑺墖鍏ラ棬 鍥藉唴澶栦富娴佸巶鍟嗕粙缁?page_type: source","tech/soc-pm","src-自动驾驶芯片入门-国内外主流厂商介绍.md"
"鑷姩椹鹃┒鑺墖鍏ラ棬 鍩虹姒傚康鍜屾灦鏋?page_type: source","tech/soc-pm","src-自动驾驶芯片入门-基础概念和架构.md"
"銆愯姱鏍告灦鏋勩€戝惉浣犺浣犲緢浜嗚ВARM锛?page_type: source","tech/bsp","src-芯核架构-听你说你很了解arm.md"
"鑺墖 璁捐娴佺▼鍏ラ棬","tech/soc-pm","src-芯片-设计流程入门.md"
"鑺墖CP娴嬭瘯杩囩▼涓殑鐑樼儰鐩殑鏄粈涔堬紵   鑰佺嫾 鐨勫洖绛?page_type: source","tech/soc-pm","src-芯片cp测试过程中的烘烤目的是什么-老狼-的回答.md"
"銆愯姱鐗嘍FX銆慉rm璋冭瘯鏋舵瀯绡?page_type: source","tech/bsp","src-芯片dfx-arm调试架构篇.md"
"銆愯姱鐗嘍FX銆戜竾瀛愰暱鏂囧拰浣犱竴璧锋帰绱rm璋冭瘯鏋舵瀯","tech/bsp","src-芯片dfx-万子长文和你一起探索arm调试架构.md"
"鑺墖涓殑鏁板鈥斺€斿潎琛″櫒EQ鍜屽畠鍦ㄩ珮閫熷閮ㄦ€荤嚎涓殑搴旂敤","tech/soc-pm","src-芯片中的数学-均衡器eq和它在高速外部总线中的应用.md"
"鑺墖鍒堕€犲伐鑹虹殑 22 绾崇背绾ф剰鍛崇潃浠€涔堬紵杩欓噷鐨勭撼绫冲崟浣嶆槸鎸囦粈涔堬紵   鍖垮悕鐢ㄦ埛 鐨勫洖绛?page_type: source","tech/soc-pm","src-芯片制造工艺的-22-纳米级意味着什么-这里的纳米单位是指什么-匿名用户-的回答.md"
"鑺墖鍜岀郴缁熷惎鍔?涓€)     ARM SOC鍚姩娴佺▼浠嬬粛","tech/bsp","src-芯片和系统启动-一-arm-soc启动流程介绍.md"
"鑺墖鎬荤嚎鏋舵瀯璁捐1   闂茶瘽ROB","tech/soc-pm","src-芯片总线架构设计1-闲话rob.md"
"鑺墖鎬荤嚎鏋舵瀯璁捐2   绯荤粺鍦板潃鏄犲皠","tech/soc-pm","src-芯片总线架构设计2-系统地址映射.md"
"鑺墖鎬荤嚎鏋舵瀯璁捐3","tech/soc-pm","src-芯片总线架构设计3.md"
"琛宐uffer鍦ㄩ€昏緫璁捐涓殑浣滅敤鍒板簳鏄粈涔堬紵","tech/soc-pm","src-行buffer在逻辑设计中的作用到底是什么.md"
"璁よ瘑SMMU浠ュ強鐞嗙悊SMMU涓嶵rustZone鐨勮仈绯伙紵","tech/bsp","src-认识smmu以及理理smmu与trustzone的联系.md"
"璁惧椹卞姩涔?UIO 鏈哄埗","tech/bsp","src-设备驱动之-uio-机制.md"
"璇戞枃锛欴DR4   Initialization, Training and Calibration","tech/dram","src-译文-ddr4-initialization-training-and-calibration.md"
"璇戞枃锛?DDR4 SDRAM   Understanding the Basics锛堜笂锛?page_type: source","tech/dram","src-译文-ddr4-sdram-understanding-the-basics-上.md"
"璇戞枃锛?DDR4 SDRAM   Understanding the Basics锛堜笅锛?page_type: source","tech/dram","src-译文-ddr4-sdram-understanding-the-basics-下.md"
"璇戞枃锛欴DR4 SDRAM   Understanding Timing Parameters","tech/dram","src-译文-ddr4-sdram-understanding-timing-parameters.md"
"璇﹁ВASIC璁捐娴佺▼","tech/soc-pm","src-详解asic设计流程.md"
"璇﹁В璁＄畻鏈轰腑鏂矾鐢憋細INTx銆丳IRQx銆両RQx鐨勫尯鍒拰鑱旂郴鏄粈涔堬紵Swizzling鍜孲traight鍙堟槸浠€涔堬紵PIC鍜孉PIC璺敱琛ㄦ€庝箞瑙ｈ锛?page_type: source","tech/peripheral","src-详解计算机中断路由-intx-pirqx-irqx的区别和联系是什么-swizzling和strai.md"
"璇烽棶 X86 涓?ARM 鐨勫姛鑰楁帶鍒舵湁浠€涔堝尯鍒紵   Luv Letter 鐨勫洖绛?page_type: source","tech/soc-pm","src-请问-x86-与-arm-的功耗控制有什么区别-luv-letter-的回答.md"
"if CONFIG_IS_ENABLED(OF_LIVE)","tech/bsp","src-超详细-uboot驱动开发-三-uboot驱动模型.md"
"瓒呰缁嗐€怳boot椹卞姩寮€鍙戙€戯紙浜岋級uboot鍚姩娴佺▼鍒嗘瀽","tech/bsp","src-超详细-uboot驱动开发-二-uboot启动流程分析.md"
"杞腑鏂細鍚冩帀浣犲灏慍PU锛?page_type: source","tech/bsp","src-软中断会吃掉你多少cpu.md"
"杩炶浇瑙ｈApple M1 SoC鐨勫嚑鐐规妧鏈繘姝ヤ箣涓€锛歁em over Fabric","tech/soc-pm","src-连载解读apple-m1-soc的几点技术进步之一-mem-over-fabric.md"
"閫夋嫨鍐呭瓨鏉＄殑蹇呭鐭ヨ瘑锛歺16鍐呭瓨鏉′负浠€涔堣繖涔堟參锛?R鍜?R閲嶈鍚楋紵","tech/dram","src-选择内存条的必备知识-x16内存条为什么这么慢-2r和1r重要吗.md"
"銆愰暱鏂囥€戣璇碪BOOT寮€鍙戠殑鍑犱釜鏍稿績闂","tech/bsp","src-长文-说说uboot开发的几个核心问题.md"
